P(high)_HOB>20%,P(high)_HOB>50%
0.798154318247972,0.640070898951354
0.915769584216953,0.61940228626861
0.407718810787932,0.315883452521823
